Tam Matriz,Mode o,Mode t,Mode v
200,0.03637,0.03386,0.03196,
400,0.31679,0.27061,0.24775,
600,1.22797,0.91033,0.83203,
800,3.57023,2.18586,1.96873,
1000,8.51347,4.29998,3.84611,
1200,16.88843,7.42735,6.68901,
1400,27.10006,11.79696,10.67645,
1600,42.95819,17.63377,15.94094,
1800,63.01296,25.10047,22.70667,
2000,88.36005,34.43184,31.12419,
