Tam Matriz,Mode o,Mode t,Mode v
200,0.03637,0.03399,0.03196,
400,0.31679,0.26929,0.24775,
600,1.22797,0.90973,0.83203,
800,3.57023,2.17996,1.96873,
1000,8.51347,4.28622,3.84611,
1200,16.88843,7.44430,6.68901,
1400,27.10006,11.77630,10.67645,
1600,42.95819,17.55995,15.94094,
1800,63.01296,25.02202,22.70667,
2000,88.36005,34.33092,31.12419,
