Tam Matriz,Mode o,Mode t,Mode vo, Mode vt
200,0.03637,0.03386,0.03530,0.03398,
400,0.31679,0.27061,0.32937,0.27202,
600,1.22797,0.91033,1.19590,0.92009,
800,3.57023,2.18586,3.37367,2.18068,
1000,8.51347,4.29998,7.10170,4.27059,
1200,16.88843,7.42735,11.82373,7.40647,
1400,27.10006,11.79696,21.26626,11.72687,
1600,42.95819,17.63377,38.60040,17.51310,
1800,63.01296,25.10047,51.43144,24.94280,
2000,88.36005,34.43184,67.61881,34.21998,
