Tam Matriz,Mode o,Mode t,Mode vo, Mode vt
200,0.03637,0.03386,0.03512,0.03397,
400,0.31679,0.27061,0.31738,0.27121,
600,1.22797,0.91033,1.14607,0.90799,
800,3.57023,2.18586,3.36757,2.17287,
1000,8.51347,4.29998,7.05905,4.27194,
1200,16.88843,7.42735,11.87615,7.41014,
1400,27.10006,11.79696,21.14709,11.73450,
1600,42.95819,17.63377,38.73014,17.52437,
1800,63.01296,25.10047,51.37159,24.95320,
2000,88.36005,34.43184,67.92963,34.39872,
