Tam Matriz,Mode o,Mode t,Mode vo, Mode vt
200,0.00914,0.00870,0.00904,0.00881,
400,0.07479,0.07141,0.07766,0.07267,
600,0.29920,0.24954,0.28289,0.24989,
800,0.96219,0.62180,0.81385,0.62188,
1000,2.21586,1.24264,1.97337,1.24593,
1200,4.19774,2.15882,3.29614,2.16018,
1400,6.60480,3.44205,5.33116,3.44880,
1600,12.98341,5.15988,13.16958,5.16516,
1800,23.88930,7.36359,23.48083,7.36216,
2000,34.37358,10.12024,35.03445,10.12694,
