Tam Matriz,Mode o,Mode t,Mode vo, Mode vt
200,0.00914,0.00870,0.00904,0.00883,
400,0.07479,0.07141,0.07813,0.07306,
600,0.29920,0.24954,0.28396,0.25024,
800,0.96219,0.62180,0.81871,0.63211,
1000,2.21586,1.24264,2.04718,1.26251,
1200,4.19774,2.15882,3.32147,2.18459,
1400,6.60480,3.44205,5.42833,3.48093,
1600,12.98341,5.15988,13.25395,5.22891,
1800,23.88930,7.36359,23.43156,7.32813,
2000,34.37358,10.12024,34.83607,10.06633,
