Tam Matriz,Mode o,Mode t,Mode v
200,0.00914,0.00870,0.00888,
400,0.07479,0.07141,0.07248,
600,0.29920,0.24954,0.24581,
800,0.96219,0.62180,0.58350,
1000,2.21586,1.24264,1.14216,
1200,4.19774,2.15882,1.97695,
1400,6.60480,3.44205,3.13945,
1600,12.98341,5.15988,4.69998,
1800,23.88930,7.36359,6.68777,
2000,34.37358,10.12024,9.17922,
