Tam Matriz,Mode o,Mode t,Mode v
200,0.00914,0.00881,0.00888,
400,0.07479,0.07221,0.07248,
600,0.29920,0.25034,0.24581,
800,0.96219,0.62378,0.58350,
1000,2.21586,1.24358,1.14216,
1200,4.19774,2.16155,1.97695,
1400,6.60480,3.44304,3.13945,
1600,12.98341,5.16328,4.69998,
1800,23.88930,7.36078,6.68777,
2000,34.37358,10.12887,9.17922,
