Tam Matriz,Mode o,Mode t,Mode v
200,0.00884,0.00850,0.00864,
400,0.07191,0.06956,0.07006,
600,0.25121,0.23822,0.23814,
800,0.72985,0.57891,0.56629,
1000,1.82578,1.18374,1.10688,
1200,3.81549,2.07564,1.91742,
1400,6.09967,3.33105,3.04954,
1600,12.25632,5.02851,4.55595,
1800,22.88266,7.19003,6.48816,
2000,32.84184,9.89317,8.90381,
